<?xml version="1.0" encoding="UTF-8"?>
<!DOCTYPE mapper PUBLIC "-//mybatis.org//DTD Mapper 3.0//EN" "http://mybatis.org/dtd/mybatis-3-mapper.dtd" >
<mapper namespace="faqBoard">
   <select id="selectFaqList" resultType="FaqBoard" parameterType="pagingVo">
      SELECT * FROM(SELECT * FROM(
      SELECT ROWNUM row_num, BOARDALL.* FROM (
      SELECT * FROM FAQ_BOARD ORDER BY FAQ_NUM) BOARDALL) BOARDALLALL 
      )WHERE row_num BETWEEN #{start} AND #{last}
   </select>
   
   <select id="totalPaging" resultType="_int">
      SELECT count(*) FROM FAQ_BOARD
   </select>
   <select id="totalPagingCount" resultType="_int" parameterType="_int">
      SELECT COUNT(*) FROM (SELECT ROWNUM row_num FROM FAQ_BOARD) WHERE row_num >=#{start}
   </select>
   
   <insert id="insertFaqQuestion" >
      <selectKey keyProperty="faq_num" resultType="_int" order="AFTER">
         SELECT SEQ_FAQ.CURRVAL FROM DUAL
      </selectKey>
      INSERT INTO "FINALDB"."FAQ_BOARD" (FAQ_NUM, M_CODE, QC_CODE, FAQ_QUESTION, FAQ_ANSWER, FAQ_DATE) 
      VALUES (SEQ_FAQ.NEXTVAL, 'A001',#{qc_code},#{faq_question},#{faq_answer}, TO_DATE('2018-01-12', 'YYYY-MM-DD'))
   </insert>
   <select id="faqSelectUpdateList" resultType="FaqBoard" parameterType="_int" >
      SELECT * FROM FAQ_BOARD JOIN QUESTION_CATEGORY USING(QC_CODE) WHERE FAQ_NUM = #{faq_num}
   </select>
   
   <update id="faqUpdateList">
      UPDATE FAQ_BOARD SET QC_CODE = #{qc_code}, FAQ_QUESTION = #{faq_question}, FAQ_ANSWER = #{faq_answer} WHERE FAQ_NUM LIKE #{faq_num}
   </update>
   <delete id="faqDeleteList">
      DELETE FROM FAQ_BOARD WHERE FAQ_NUM = #{faq_num}
   </delete>
</mapper>