<?xml version="1.0" encoding="UTF-8"?>
<beans xmlns="http://www.springframework.org/schema/beans"
	xmlns:xsi="http://www.w3.org/2001/XMLSchema-instance"
	xsi:schemaLocation="http://www.springframework.org/schema/beans http://www.springframework.org/schema/beans/spring-beans.xsd">
	
	<!-- Root Context: defines shared resources visible to all other web components -->
		
	<!-- 1-1. myBatis(JDBC)설정 연결 설정하기 -->
	<bean id="dataSource" class="org.apache.commons.dbcp.BasicDataSource" destroy-method="close">
		<property name="driverClassName" value="oracle.jdbc.driver.OracleDriver" />
		<property name="url" value="jdbc:oracle:thin:@localhost:1521:xe"/>
		<property name="username" value="FINALDB"/>
		<property name="password" value="FINALDB"/>
	</bean>
	
	<!-- 2. myBatis(JDBC)설정 : SqlSessionFactory-->
	<bean id="sqlSessionFactoryBean" class="org.mybatis.spring.SqlSessionFactoryBean">
		<!-- name=datasource => 빈객체sqlSessionFactoryBean의  property명 datasource임(setter)
		ref의 dataSource는 위에서 선언한 datasource 빈객체를 의미함. -->
		<property name="dataSource" ref="dataSource"/>
		
		<!-- 앞으로 생성할 모든 mapper파일을 한번에 읽어오도록하자.
		여기서 classpath는 target/classes를 의미한다.
		src/main/resources 디렉토리에서 작성된 파일들은 classpath로 이동함. -->
		<property name="mapperLocations" value="classpath*:mapper/**/*.xml"/>
		
		<!-- mybatis-config.xml파일 위치를 명시함. -->
		<property name="configLocation" value="classpath:mybatis-config.xml"/>
	</bean>
	
	<!-- 3. SqlSessionTemplate 마이바티스 스프링 연동모듈의 핵심기능. -->
	<!-- SqlSessionTemplate : SqlSession 인터페이스를 구현클래스-->
	<!-- 여러 dao에서 공유하므로 메모리관리에 있어 최적화된 테크닉. -->
	<bean id="sqlSessionTemplate" class="org.mybatis.spring.SqlSessionTemplate">
		<constructor-arg index="0" ref="sqlSessionFactoryBean"/>
	</bean>
	
	<bean id="mailSender" class ="org.springframework.mail.javamail.JavaMailSenderImpl" >
        <property name="host" value="smtp.gmail.com" />
        <property name="port" value="587" />
        <property name="defaultEncoding" value="utf-8"/>
        <property name="username" value="choljiho720@gmail.com" />
        <property name="password" value="dkanrjsk!357" />
        
        <property name="javaMailProperties">
            <props>
                <prop key="mail.smtp.starttls.enable">true</prop>
                <prop key="mail.smtp.auth">true</prop>
            </props>
        </property>
         
    </bean>
	 <bean id="email" class="com.kh.TAT.common.model.vo.Email">
    </bean>
    <bean id="emailSender" class="com.kh.TAT.common.model.vo.EmailSender">
    </bean>
	
</beans>
